algorithm,mode,dataset,successful_runs,runtime_seconds_mean,runtime_seconds_std,edge_count_predicted_mean,edge_count_predicted_std,edge_count_true_mean,edge_count_true_std,shd_mean,shd_std,f1_directed_mean,f1_directed_std,f1_skeleton_mean,f1_skeleton_std,precision_mean,precision_std,recall_mean,recall_std,literature_agreement_count_mean,literature_agreement_count_std,literature_violation_count_mean,literature_violation_count_std,literature_alignment_score_mean,literature_alignment_score_std
deci_native,constrained,real,3,21.981233333333336,0.7543558333660126,47.0,7.54983443527075,,0.0,,0.0,,0.0,,0.0,,0.0,,0.0,0.0,0.0,0.0,0.0,0.0,0.0
deci_native,constrained,synthetic_n2000,5,0.02256,0.0023880954754783167,66.4,12.361229712289955,65.0,0.0,99.0,19.595917942265423,0.25209799260168675,0.07902981285001547,0.4640133125524075,0.1529446713621876,0.2579022769790289,0.09886282061955994,0.2492307692307692,0.05998027289113211,,0.0,,0.0,,0.0
deci_native,unconstrained,real,5,22.47242,0.16655553728411546,56.0,16.688319268278637,,0.0,,0.0,,0.0,,0.0,,0.0,,0.0,0.4,0.5477225575051661,0.4,0.8944271909999159,0.3999999996,0.5477225569574435
deci_native,unconstrained,synthetic_n2000,5,0.02222,0.002355206997272214,58.2,8.757853618324527,65.0,0.0,93.2,17.340703561274555,0.24716556061898567,0.09233764590695652,0.5255768658559126,0.18298958037225488,0.26749219616644737,0.10672971388713158,0.23076923076923075,0.08067760370539631,,0.0,,0.0,,0.0
